{"cameraMode":{"drawMode":0,"name":"Shaded","section":"Shading Mode"},"sceneLighting":false,"audioPlay":false,"sceneViewState":{"m_AlwaysRefresh":true,"showFog":true,"showSkybox":false,"showFlares":false,"showImageEffects":true,"showParticleSystems":false,"showVisualEffectGraphs":true,"m_FxEnabled":false},"in2DMode":false,"pivot":{"x":0.11000007390975952,"y":0.13999998569488526,"z":-1.1920928955078126e-7},"rotation":{"x":0.27737534046173098,"y":-0.23798207938671113,"z":0.07118386030197144,"w":0.9282086491584778},"size":0.8660284876823425,"orthographic":false}