{"cameraMode":{"drawMode":0,"name":"Shaded","section":"Shading Mode"},"sceneLighting":true,"audioPlay":false,"sceneViewState":{"m_AlwaysRefresh":true,"showFog":true,"showSkybox":true,"showFlares":false,"showImageEffects":true,"showParticleSystems":false,"showVisualEffectGraphs":true,"m_FxEnabled":false},"in2DMode":false,"pivot":{"x":2.637539863586426,"y":0.3701699674129486,"z":2.5005569458007814},"rotation":{"x":-0.14096391201019288,"y":-0.16515395045280457,"z":0.023733794689178468,"w":-0.9761288166046143},"size":8.793993949890137,"orthographic":false}