{"cameraMode":{"drawMode":0,"name":"Shaded","section":"Shading Mode"},"sceneLighting":false,"audioPlay":false,"sceneViewState":{"m_AlwaysRefresh":true,"showFog":true,"showSkybox":false,"showFlares":false,"showImageEffects":true,"showParticleSystems":false,"showVisualEffectGraphs":true,"m_FxEnabled":false},"in2DMode":false,"pivot":{"x":0.13626131415367127,"y":0.7822721600532532,"z":-1.3529620170593262},"rotation":{"x":0.14135338366031648,"y":-0.14595699310302735,"z":0.02110520377755165,"w":0.9790071249008179},"size":1.2247449159622193,"orthographic":false}